"","x"
"1","https://github.com/codeforanchorage/Open_Trails_Anchorage/blob/master/trail_plots/10 Ridgetop.png"
"2","https://github.com/codeforanchorage/Open_Trails_Anchorage/blob/master/trail_plots/14 Mile Loop.png"
"3","https://github.com/codeforanchorage/Open_Trails_Anchorage/blob/master/trail_plots/2.1 Km Loop.png"
"4","https://github.com/codeforanchorage/Open_Trails_Anchorage/blob/master/trail_plots/2.5 Km.png"
"5","https://github.com/codeforanchorage/Open_Trails_Anchorage/blob/master/trail_plots/2.5 Km Loop.png"
"6","https://github.com/codeforanchorage/Open_Trails_Anchorage/blob/master/trail_plots/4.5km Loop.png"
"7","https://github.com/codeforanchorage/Open_Trails_Anchorage/blob/master/trail_plots/4.5km Loop Trail.png"
"8","https://github.com/codeforanchorage/Open_Trails_Anchorage/blob/master/trail_plots/7.5 Km.png"
"9","https://github.com/codeforanchorage/Open_Trails_Anchorage/blob/master/trail_plots/Abbott Loop Trail.png"
"10","https://github.com/codeforanchorage/Open_Trails_Anchorage/blob/master/trail_plots/Abbott Trail.png"
"11","https://github.com/codeforanchorage/Open_Trails_Anchorage/blob/master/trail_plots/Abes.png"
"12","https://github.com/codeforanchorage/Open_Trails_Anchorage/blob/master/trail_plots/After Dinner Tr.png"
"13","https://github.com/codeforanchorage/Open_Trails_Anchorage/blob/master/trail_plots/Airstrip Loop.png"
"14","https://github.com/codeforanchorage/Open_Trails_Anchorage/blob/master/trail_plots/Airstrip Trail.png"
"15","https://github.com/codeforanchorage/Open_Trails_Anchorage/blob/master/trail_plots/Albert Loop.png"
"16","https://github.com/codeforanchorage/Open_Trails_Anchorage/blob/master/trail_plots/Alder.png"
"17","https://github.com/codeforanchorage/Open_Trails_Anchorage/blob/master/trail_plots/Alex Sisson Loop.png"
"18","https://github.com/codeforanchorage/Open_Trails_Anchorage/blob/master/trail_plots/along lake to south.png"
"19","https://github.com/codeforanchorage/Open_Trails_Anchorage/blob/master/trail_plots/Alyeska Basin Subdivision Trails.png"
"20","https://github.com/codeforanchorage/Open_Trails_Anchorage/blob/master/trail_plots/Alyeska Highway Trail.png"
"21","https://github.com/codeforanchorage/Open_Trails_Anchorage/blob/master/trail_plots/Anchorage Overlook.png"
"22","https://github.com/codeforanchorage/Open_Trails_Anchorage/blob/master/trail_plots/Andrew Lekisch Trail.png"
"23","https://github.com/codeforanchorage/Open_Trails_Anchorage/blob/master/trail_plots/Ann's Alley.png"
"24","https://github.com/codeforanchorage/Open_Trails_Anchorage/blob/master/trail_plots/Appendix.png"
"25","https://github.com/codeforanchorage/Open_Trails_Anchorage/blob/master/trail_plots/Arlene's Way.png"
"26","https://github.com/codeforanchorage/Open_Trails_Anchorage/blob/master/trail_plots/Athabascan Physics Trail.png"
"27","https://github.com/codeforanchorage/Open_Trails_Anchorage/blob/master/trail_plots/AWWU Trail.png"
"28","https://github.com/codeforanchorage/Open_Trails_Anchorage/blob/master/trail_plots/Ballpark.png"
"29","https://github.com/codeforanchorage/Open_Trails_Anchorage/blob/master/trail_plots/Bartlett.png"
"30","https://github.com/codeforanchorage/Open_Trails_Anchorage/blob/master/trail_plots/Baxter Bog.png"
"31","https://github.com/codeforanchorage/Open_Trails_Anchorage/blob/master/trail_plots/Bear Point.png"
"32","https://github.com/codeforanchorage/Open_Trails_Anchorage/blob/master/trail_plots/Beaver Dam Trail.png"
"33","https://github.com/codeforanchorage/Open_Trails_Anchorage/blob/master/trail_plots/Beaver Pond Trail.png"
"34","https://github.com/codeforanchorage/Open_Trails_Anchorage/blob/master/trail_plots/Belarde.png"
"35","https://github.com/codeforanchorage/Open_Trails_Anchorage/blob/master/trail_plots/Besh Lighted Loop.png"
"36","https://github.com/codeforanchorage/Open_Trails_Anchorage/blob/master/trail_plots/Biathalon Loop.png"
"37","https://github.com/codeforanchorage/Open_Trails_Anchorage/blob/master/trail_plots/Big Dipper.png"
"38","https://github.com/codeforanchorage/Open_Trails_Anchorage/blob/master/trail_plots/Bird Creek.png"
"39","https://github.com/codeforanchorage/Open_Trails_Anchorage/blob/master/trail_plots/Bird Point Interp.png"
"40","https://github.com/codeforanchorage/Open_Trails_Anchorage/blob/master/trail_plots/Bird Ridge.png"
"41","https://github.com/codeforanchorage/Open_Trails_Anchorage/blob/master/trail_plots/Bird Ridge Interp.png"
"42","https://github.com/codeforanchorage/Open_Trails_Anchorage/blob/master/trail_plots/Black Bear Trail.png"
"43","https://github.com/codeforanchorage/Open_Trails_Anchorage/blob/master/trail_plots/Blacktail Ptarmigan Rocks.png"
"44","https://github.com/codeforanchorage/Open_Trails_Anchorage/blob/master/trail_plots/BLM Ridge.png"
"45","https://github.com/codeforanchorage/Open_Trails_Anchorage/blob/master/trail_plots/Blueberry Hollow.png"
"46","https://github.com/codeforanchorage/Open_Trails_Anchorage/blob/master/trail_plots/Bog Trail.png"
"47","https://github.com/codeforanchorage/Open_Trails_Anchorage/blob/master/trail_plots/Bold Ridge.png"
"48","https://github.com/codeforanchorage/Open_Trails_Anchorage/blob/master/trail_plots/Bolling Alley.png"
"49","https://github.com/codeforanchorage/Open_Trails_Anchorage/blob/master/trail_plots/Bottom Cut Thru.png"
"50","https://github.com/codeforanchorage/Open_Trails_Anchorage/blob/master/trail_plots/Bridge Loop.png"
"51","https://github.com/codeforanchorage/Open_Trails_Anchorage/blob/master/trail_plots/C$ Express.png"
"52","https://github.com/codeforanchorage/Open_Trails_Anchorage/blob/master/trail_plots/Cali Creek.png"
"53","https://github.com/codeforanchorage/Open_Trails_Anchorage/blob/master/trail_plots/California Creek Trail.png"
"54","https://github.com/codeforanchorage/Open_Trails_Anchorage/blob/master/trail_plots/Campbell Creek Trail.png"
"55","https://github.com/codeforanchorage/Open_Trails_Anchorage/blob/master/trail_plots/Centennial.png"
"56","https://github.com/codeforanchorage/Open_Trails_Anchorage/blob/master/trail_plots/Chalet Loop.png"
"57","https://github.com/codeforanchorage/Open_Trails_Anchorage/blob/master/trail_plots/Chester Creek Trail.png"
"58","https://github.com/codeforanchorage/Open_Trails_Anchorage/blob/master/trail_plots/Christy Loop.png"
"59","https://github.com/codeforanchorage/Open_Trails_Anchorage/blob/master/trail_plots/Coach's Cutoff.png"
"60","https://github.com/codeforanchorage/Open_Trails_Anchorage/blob/master/trail_plots/Coastal Trail.png"
"61","https://github.com/codeforanchorage/Open_Trails_Anchorage/blob/master/trail_plots/Cobblestone Hill Rd.png"
"62","https://github.com/codeforanchorage/Open_Trails_Anchorage/blob/master/trail_plots/Compression.png"
"63","https://github.com/codeforanchorage/Open_Trails_Anchorage/blob/master/trail_plots/Connors Lake Loop.png"
"64","https://github.com/codeforanchorage/Open_Trails_Anchorage/blob/master/trail_plots/Connors Lake Trail.png"
"65","https://github.com/codeforanchorage/Open_Trails_Anchorage/blob/master/trail_plots/Corral Loop.png"
"66","https://github.com/codeforanchorage/Open_Trails_Anchorage/blob/master/trail_plots/Coyote Trail.png"
"67","https://github.com/codeforanchorage/Open_Trails_Anchorage/blob/master/trail_plots/Crow Pass.png"
"68","https://github.com/codeforanchorage/Open_Trails_Anchorage/blob/master/trail_plots/Cuddy Family Midtown Park Loop.png"
"69","https://github.com/codeforanchorage/Open_Trails_Anchorage/blob/master/trail_plots/Dark Alley.png"
"70","https://github.com/codeforanchorage/Open_Trails_Anchorage/blob/master/trail_plots/Denali View.png"
"71","https://github.com/codeforanchorage/Open_Trails_Anchorage/blob/master/trail_plots/Dew Mound.png"
"72","https://github.com/codeforanchorage/Open_Trails_Anchorage/blob/master/trail_plots/Dome Trail.png"
"73","https://github.com/codeforanchorage/Open_Trails_Anchorage/blob/master/trail_plots/Eagle Lake.png"
"74","https://github.com/codeforanchorage/Open_Trails_Anchorage/blob/master/trail_plots/Eagle River Greenbelt.png"
"75","https://github.com/codeforanchorage/Open_Trails_Anchorage/blob/master/trail_plots/Eagle River High School Trail.png"
"76","https://github.com/codeforanchorage/Open_Trails_Anchorage/blob/master/trail_plots/Eagle River North Fork Access.png"
"77","https://github.com/codeforanchorage/Open_Trails_Anchorage/blob/master/trail_plots/East Fork Eklutha River.png"
"78","https://github.com/codeforanchorage/Open_Trails_Anchorage/blob/master/trail_plots/Eight Mile Trail.png"
"79","https://github.com/codeforanchorage/Open_Trails_Anchorage/blob/master/trail_plots/Eklutna Lakeside.png"
"80","https://github.com/codeforanchorage/Open_Trails_Anchorage/blob/master/trail_plots/Eklutna LAkeside.png"
"81","https://github.com/codeforanchorage/Open_Trails_Anchorage/blob/master/trail_plots/Eklutna Spillway.png"
"82","https://github.com/codeforanchorage/Open_Trails_Anchorage/blob/master/trail_plots/Elevator.png"
"83","https://github.com/codeforanchorage/Open_Trails_Anchorage/blob/master/trail_plots/Elliots Climb.png"
"84","https://github.com/codeforanchorage/Open_Trails_Anchorage/blob/master/trail_plots/Executioner.png"
"85","https://github.com/codeforanchorage/Open_Trails_Anchorage/blob/master/trail_plots/Existing Ridge Trail.png"
"86","https://github.com/codeforanchorage/Open_Trails_Anchorage/blob/master/trail_plots/Falls Creek.png"
"87","https://github.com/codeforanchorage/Open_Trails_Anchorage/blob/master/trail_plots/Flattop.png"
"88","https://github.com/codeforanchorage/Open_Trails_Anchorage/blob/master/trail_plots/Flattop Peak.png"
"89","https://github.com/codeforanchorage/Open_Trails_Anchorage/blob/master/trail_plots/Four Corners Connector Loop.png"
"90","https://github.com/codeforanchorage/Open_Trails_Anchorage/blob/master/trail_plots/Gasline.png"
"91","https://github.com/codeforanchorage/Open_Trails_Anchorage/blob/master/trail_plots/Gasline Trail.png"
"92","https://github.com/codeforanchorage/Open_Trails_Anchorage/blob/master/trail_plots/Glacier Creek/iditarod Trail System.png"
"93","https://github.com/codeforanchorage/Open_Trails_Anchorage/blob/master/trail_plots/Glen Alps To Powerline A.png"
"94","https://github.com/codeforanchorage/Open_Trails_Anchorage/blob/master/trail_plots/Glen Alps/ Middle Fork.png"
"95","https://github.com/codeforanchorage/Open_Trails_Anchorage/blob/master/trail_plots/Glenalps To Powerline B.png"
"96","https://github.com/codeforanchorage/Open_Trails_Anchorage/blob/master/trail_plots/Glenalps View Loop.png"
"97","https://github.com/codeforanchorage/Open_Trails_Anchorage/blob/master/trail_plots/Glenn Hwy Trail.png"
"98","https://github.com/codeforanchorage/Open_Trails_Anchorage/blob/master/trail_plots/Golden Grass.png"
"99","https://github.com/codeforanchorage/Open_Trails_Anchorage/blob/master/trail_plots/Good Greeff.png"
"100","https://github.com/codeforanchorage/Open_Trails_Anchorage/blob/master/trail_plots/Goose Lake Trail.png"
"101","https://github.com/codeforanchorage/Open_Trails_Anchorage/blob/master/trail_plots/Grand View.png"
"102","https://github.com/codeforanchorage/Open_Trails_Anchorage/blob/master/trail_plots/Grass Trail.png"
"103","https://github.com/codeforanchorage/Open_Trails_Anchorage/blob/master/trail_plots/Hand Tram Trail.png"
"104","https://github.com/codeforanchorage/Open_Trails_Anchorage/blob/master/trail_plots/Hanging Valley.png"
"105","https://github.com/codeforanchorage/Open_Trails_Anchorage/blob/master/trail_plots/Heights Hill Trail.png"
"106","https://github.com/codeforanchorage/Open_Trails_Anchorage/blob/master/trail_plots/Hemlock Knob.png"
"107","https://github.com/codeforanchorage/Open_Trails_Anchorage/blob/master/trail_plots/Hidden Lake.png"
"108","https://github.com/codeforanchorage/Open_Trails_Anchorage/blob/master/trail_plots/HILL.png"
"109","https://github.com/codeforanchorage/Open_Trails_Anchorage/blob/master/trail_plots/Hill Loop.png"
"110","https://github.com/codeforanchorage/Open_Trails_Anchorage/blob/master/trail_plots/Hill Topper Loop.png"
"111","https://github.com/codeforanchorage/Open_Trails_Anchorage/blob/master/trail_plots/Hillside Loop.png"
"112","https://github.com/codeforanchorage/Open_Trails_Anchorage/blob/master/trail_plots/HLB Trail.png"
"113","https://github.com/codeforanchorage/Open_Trails_Anchorage/blob/master/trail_plots/Homecoming/poleline.png"
"114","https://github.com/codeforanchorage/Open_Trails_Anchorage/blob/master/trail_plots/Homestead Trail.png"
"115","https://github.com/codeforanchorage/Open_Trails_Anchorage/blob/master/trail_plots/Hornet's Nest.png"
"116","https://github.com/codeforanchorage/Open_Trails_Anchorage/blob/master/trail_plots/Horseshoe Loop.png"
"117","https://github.com/codeforanchorage/Open_Trails_Anchorage/blob/master/trail_plots/Ice Box.png"
"118","https://github.com/codeforanchorage/Open_Trails_Anchorage/blob/master/trail_plots/Iditarod Trail.png"
"119","https://github.com/codeforanchorage/Open_Trails_Anchorage/blob/master/trail_plots/In Cutoff To H.png"
"120","https://github.com/codeforanchorage/Open_Trails_Anchorage/blob/master/trail_plots/In Far To Cutoff.png"
"121","https://github.com/codeforanchorage/Open_Trails_Anchorage/blob/master/trail_plots/Inbound.png"
"122","https://github.com/codeforanchorage/Open_Trails_Anchorage/blob/master/trail_plots/Indian Creek Pass.png"
"123","https://github.com/codeforanchorage/Open_Trails_Anchorage/blob/master/trail_plots/Indian To Bird Bike.png"
"124","https://github.com/codeforanchorage/Open_Trails_Anchorage/blob/master/trail_plots/Inner Loop Trail.png"
"125","https://github.com/codeforanchorage/Open_Trails_Anchorage/blob/master/trail_plots/Janice's Jive.png"
"126","https://github.com/codeforanchorage/Open_Trails_Anchorage/blob/master/trail_plots/Jodhpur Loop.png"
"127","https://github.com/codeforanchorage/Open_Trails_Anchorage/blob/master/trail_plots/Johnson Trail.png"
"128","https://github.com/codeforanchorage/Open_Trails_Anchorage/blob/master/trail_plots/Johnson Trail Spur.png"
"129","https://github.com/codeforanchorage/Open_Trails_Anchorage/blob/master/trail_plots/Junior Nordic Loop.png"
"130","https://github.com/codeforanchorage/Open_Trails_Anchorage/blob/master/trail_plots/Junkyard.png"
"131","https://github.com/codeforanchorage/Open_Trails_Anchorage/blob/master/trail_plots/Junkyard Hill.png"
"132","https://github.com/codeforanchorage/Open_Trails_Anchorage/blob/master/trail_plots/Kitchen Sink.png"
"133","https://github.com/codeforanchorage/Open_Trails_Anchorage/blob/master/trail_plots/Lee's Train.png"
"134","https://github.com/codeforanchorage/Open_Trails_Anchorage/blob/master/trail_plots/Lekisch Dark Alley.png"
"135","https://github.com/codeforanchorage/Open_Trails_Anchorage/blob/master/trail_plots/Lekisch Loop.png"
"136","https://github.com/codeforanchorage/Open_Trails_Anchorage/blob/master/trail_plots/Little Campbell Lake Loop.png"
"137","https://github.com/codeforanchorage/Open_Trails_Anchorage/blob/master/trail_plots/Little Loop.png"
"138","https://github.com/codeforanchorage/Open_Trails_Anchorage/blob/master/trail_plots/Little Omalley.png"
"139","https://github.com/codeforanchorage/Open_Trails_Anchorage/blob/master/trail_plots/Little Rc Gully Route.png"
"140","https://github.com/codeforanchorage/Open_Trails_Anchorage/blob/master/trail_plots/Long Lake.png"
"141","https://github.com/codeforanchorage/Open_Trails_Anchorage/blob/master/trail_plots/Lost Cabin Valley.png"
"142","https://github.com/codeforanchorage/Open_Trails_Anchorage/blob/master/trail_plots/Lower Moen Hmstd.png"
"143","https://github.com/codeforanchorage/Open_Trails_Anchorage/blob/master/trail_plots/Mahaffey Loop.png"
"144","https://github.com/codeforanchorage/Open_Trails_Anchorage/blob/master/trail_plots/Mama's Loop.png"
"145","https://github.com/codeforanchorage/Open_Trails_Anchorage/blob/master/trail_plots/Margauxs Loop.png"
"146","https://github.com/codeforanchorage/Open_Trails_Anchorage/blob/master/trail_plots/Maximilian.png"
"147","https://github.com/codeforanchorage/Open_Trails_Anchorage/blob/master/trail_plots/McHugh Lake.png"
"148","https://github.com/codeforanchorage/Open_Trails_Anchorage/blob/master/trail_plots/Meadow Creek.png"
"149","https://github.com/codeforanchorage/Open_Trails_Anchorage/blob/master/trail_plots/Mental Health Trust Loop Trail.png"
"150","https://github.com/codeforanchorage/Open_Trails_Anchorage/blob/master/trail_plots/Middle Fork Loop.png"
"151","https://github.com/codeforanchorage/Open_Trails_Anchorage/blob/master/trail_plots/Mighty Bike.png"
"152","https://github.com/codeforanchorage/Open_Trails_Anchorage/blob/master/trail_plots/Mile High Ridge.png"
"153","https://github.com/codeforanchorage/Open_Trails_Anchorage/blob/master/trail_plots/Mile High Saddle.png"
"154","https://github.com/codeforanchorage/Open_Trails_Anchorage/blob/master/trail_plots/Minnesota Moose Loop.png"
"155","https://github.com/codeforanchorage/Open_Trails_Anchorage/blob/master/trail_plots/Mirror Lake Park.png"
"156","https://github.com/codeforanchorage/Open_Trails_Anchorage/blob/master/trail_plots/Mize Loop.png"
"157","https://github.com/codeforanchorage/Open_Trails_Anchorage/blob/master/trail_plots/Mizes Folly.png"
"158","https://github.com/codeforanchorage/Open_Trails_Anchorage/blob/master/trail_plots/Moose Hill.png"
"159","https://github.com/codeforanchorage/Open_Trails_Anchorage/blob/master/trail_plots/Moose Meadow Trail.png"
"160","https://github.com/codeforanchorage/Open_Trails_Anchorage/blob/master/trail_plots/Moose Ridge Loop.png"
"161","https://github.com/codeforanchorage/Open_Trails_Anchorage/blob/master/trail_plots/Moose Ridge Trail.png"
"162","https://github.com/codeforanchorage/Open_Trails_Anchorage/blob/master/trail_plots/Moose Track Trail.png"
"163","https://github.com/codeforanchorage/Open_Trails_Anchorage/blob/master/trail_plots/Mountain Meadow.png"
"164","https://github.com/codeforanchorage/Open_Trails_Anchorage/blob/master/trail_plots/Mt Baldy.png"
"165","https://github.com/codeforanchorage/Open_Trails_Anchorage/blob/master/trail_plots/Mt Eklutna.png"
"166","https://github.com/codeforanchorage/Open_Trails_Anchorage/blob/master/trail_plots/Muktuk Marstib Memorial.png"
"167","https://github.com/codeforanchorage/Open_Trails_Anchorage/blob/master/trail_plots/Muldoon Swamp.png"
"168","https://github.com/codeforanchorage/Open_Trails_Anchorage/blob/master/trail_plots/Near Point.png"
"169","https://github.com/codeforanchorage/Open_Trails_Anchorage/blob/master/trail_plots/Nordic Trail.png"
"170","https://github.com/codeforanchorage/Open_Trails_Anchorage/blob/master/trail_plots/North Gasline Trail.png"
"171","https://github.com/codeforanchorage/Open_Trails_Anchorage/blob/master/trail_plots/North Gasline/powerline Trail.png"
"172","https://github.com/codeforanchorage/Open_Trails_Anchorage/blob/master/trail_plots/North Pasture.png"
"173","https://github.com/codeforanchorage/Open_Trails_Anchorage/blob/master/trail_plots/Off Leash Trail.png"
"174","https://github.com/codeforanchorage/Open_Trails_Anchorage/blob/master/trail_plots/Old 3.9.png"
"175","https://github.com/codeforanchorage/Open_Trails_Anchorage/blob/master/trail_plots/Old 6.9 Loop (icebox/mizes Folly).png"
"176","https://github.com/codeforanchorage/Open_Trails_Anchorage/blob/master/trail_plots/Old Hwy Trail.png"
"177","https://github.com/codeforanchorage/Open_Trails_Anchorage/blob/master/trail_plots/Old Mchugh Creek Trail.png"
"178","https://github.com/codeforanchorage/Open_Trails_Anchorage/blob/master/trail_plots/Old Rondy Trail.png"
"179","https://github.com/codeforanchorage/Open_Trails_Anchorage/blob/master/trail_plots/Old Six.png"
"180","https://github.com/codeforanchorage/Open_Trails_Anchorage/blob/master/trail_plots/Out Cut To Far H.png"
"181","https://github.com/codeforanchorage/Open_Trails_Anchorage/blob/master/trail_plots/Out H To Cutoff.png"
"182","https://github.com/codeforanchorage/Open_Trails_Anchorage/blob/master/trail_plots/Outbound.png"
"183","https://github.com/codeforanchorage/Open_Trails_Anchorage/blob/master/trail_plots/Outgoing Trail.png"
"184","https://github.com/codeforanchorage/Open_Trails_Anchorage/blob/master/trail_plots/Panorama View.png"
"185","https://github.com/codeforanchorage/Open_Trails_Anchorage/blob/master/trail_plots/Payne Path.png"
"186","https://github.com/codeforanchorage/Open_Trails_Anchorage/blob/master/trail_plots/Penguin Creek.png"
"187","https://github.com/codeforanchorage/Open_Trails_Anchorage/blob/master/trail_plots/Penguin Peak.png"
"188","https://github.com/codeforanchorage/Open_Trails_Anchorage/blob/master/trail_plots/Peters Valley.png"
"189","https://github.com/codeforanchorage/Open_Trails_Anchorage/blob/master/trail_plots/Picnic Loop.png"
"190","https://github.com/codeforanchorage/Open_Trails_Anchorage/blob/master/trail_plots/Potter Interp. Trail.png"
"191","https://github.com/codeforanchorage/Open_Trails_Anchorage/blob/master/trail_plots/Potter Mchugh Ridge.png"
"192","https://github.com/codeforanchorage/Open_Trails_Anchorage/blob/master/trail_plots/Potter McHugh Ridge.png"
"193","https://github.com/codeforanchorage/Open_Trails_Anchorage/blob/master/trail_plots/Powerline.png"
"194","https://github.com/codeforanchorage/Open_Trails_Anchorage/blob/master/trail_plots/Powerline Access.png"
"195","https://github.com/codeforanchorage/Open_Trails_Anchorage/blob/master/trail_plots/Powerline/near Point.png"
"196","https://github.com/codeforanchorage/Open_Trails_Anchorage/blob/master/trail_plots/Preliminary Iditarod Realignment (2002).png"
"197","https://github.com/codeforanchorage/Open_Trails_Anchorage/blob/master/trail_plots/Prospect/middle Fork.png"
"198","https://github.com/codeforanchorage/Open_Trails_Anchorage/blob/master/trail_plots/Ptarmigan Pass.png"
"199","https://github.com/codeforanchorage/Open_Trails_Anchorage/blob/master/trail_plots/Ptarmigan Valley.png"
"200","https://github.com/codeforanchorage/Open_Trails_Anchorage/blob/master/trail_plots/QFB.png"
"201","https://github.com/codeforanchorage/Open_Trails_Anchorage/blob/master/trail_plots/Queen Bee Loop.png"
"202","https://github.com/codeforanchorage/Open_Trails_Anchorage/blob/master/trail_plots/Rabbit Creek Greenbelt.png"
"203","https://github.com/codeforanchorage/Open_Trails_Anchorage/blob/master/trail_plots/Rabbit Creek Meadow.png"
"204","https://github.com/codeforanchorage/Open_Trails_Anchorage/blob/master/trail_plots/Rabbit Lake.png"
"205","https://github.com/codeforanchorage/Open_Trails_Anchorage/blob/master/trail_plots/Randys Loop.png"
"206","https://github.com/codeforanchorage/Open_Trails_Anchorage/blob/master/trail_plots/Rapids Camp Yurt.png"
"207","https://github.com/codeforanchorage/Open_Trails_Anchorage/blob/master/trail_plots/RC Spur.png"
"208","https://github.com/codeforanchorage/Open_Trails_Anchorage/blob/master/trail_plots/Richter Loop.png"
"209","https://github.com/codeforanchorage/Open_Trails_Anchorage/blob/master/trail_plots/Ridge Loop.png"
"210","https://github.com/codeforanchorage/Open_Trails_Anchorage/blob/master/trail_plots/Rodak Nature Loop.png"
"211","https://github.com/codeforanchorage/Open_Trails_Anchorage/blob/master/trail_plots/Roller Coaster.png"
"212","https://github.com/codeforanchorage/Open_Trails_Anchorage/blob/master/trail_plots/Rondevous Peak.png"
"213","https://github.com/codeforanchorage/Open_Trails_Anchorage/blob/master/trail_plots/Rondevous Ridge.png"
"214","https://github.com/codeforanchorage/Open_Trails_Anchorage/blob/master/trail_plots/Rover's Run Trail.png"
"215","https://github.com/codeforanchorage/Open_Trails_Anchorage/blob/master/trail_plots/Run Rover Run.png"
"216","https://github.com/codeforanchorage/Open_Trails_Anchorage/blob/master/trail_plots/Russian Jack Spur.png"
"217","https://github.com/codeforanchorage/Open_Trails_Anchorage/blob/master/trail_plots/S Turns.png"
"218","https://github.com/codeforanchorage/Open_Trails_Anchorage/blob/master/trail_plots/Sand Box.png"
"219","https://github.com/codeforanchorage/Open_Trails_Anchorage/blob/master/trail_plots/Sec 36 Hmstd Rd.png"
"220","https://github.com/codeforanchorage/Open_Trails_Anchorage/blob/master/trail_plots/Shield's Trail.png"
"221","https://github.com/codeforanchorage/Open_Trails_Anchorage/blob/master/trail_plots/Ship Creek.png"
"222","https://github.com/codeforanchorage/Open_Trails_Anchorage/blob/master/trail_plots/Ship Lake Pass.png"
"223","https://github.com/codeforanchorage/Open_Trails_Anchorage/blob/master/trail_plots/Short Cut.png"
"224","https://github.com/codeforanchorage/Open_Trails_Anchorage/blob/master/trail_plots/Silver Fern.png"
"225","https://github.com/codeforanchorage/Open_Trails_Anchorage/blob/master/trail_plots/Sisson Loop.png"
"226","https://github.com/codeforanchorage/Open_Trails_Anchorage/blob/master/trail_plots/Six Mile Trail.png"
"227","https://github.com/codeforanchorage/Open_Trails_Anchorage/blob/master/trail_plots/SLEDING HILL.png"
"228","https://github.com/codeforanchorage/Open_Trails_Anchorage/blob/master/trail_plots/Snow Bear Path.png"
"229","https://github.com/codeforanchorage/Open_Trails_Anchorage/blob/master/trail_plots/So Baldy Traverse.png"
"230","https://github.com/codeforanchorage/Open_Trails_Anchorage/blob/master/trail_plots/South Fork Rim.png"
"231","https://github.com/codeforanchorage/Open_Trails_Anchorage/blob/master/trail_plots/Southpark Trail.png"
"232","https://github.com/codeforanchorage/Open_Trails_Anchorage/blob/master/trail_plots/Southside Switchback.png"
"233","https://github.com/codeforanchorage/Open_Trails_Anchorage/blob/master/trail_plots/Spencer.png"
"234","https://github.com/codeforanchorage/Open_Trails_Anchorage/blob/master/trail_plots/Spencer's Loop.png"
"235","https://github.com/codeforanchorage/Open_Trails_Anchorage/blob/master/trail_plots/Spencer Loop.png"
"236","https://github.com/codeforanchorage/Open_Trails_Anchorage/blob/master/trail_plots/Spruce Loop.png"
"237","https://github.com/codeforanchorage/Open_Trails_Anchorage/blob/master/trail_plots/Sullivan Nature Trail.png"
"238","https://github.com/codeforanchorage/Open_Trails_Anchorage/blob/master/trail_plots/Tank Trail.png"
"239","https://github.com/codeforanchorage/Open_Trails_Anchorage/blob/master/trail_plots/Tashas Turn (connector).png"
"240","https://github.com/codeforanchorage/Open_Trails_Anchorage/blob/master/trail_plots/The Burn Lighted Loop.png"
"241","https://github.com/codeforanchorage/Open_Trails_Anchorage/blob/master/trail_plots/The Football.png"
"242","https://github.com/codeforanchorage/Open_Trails_Anchorage/blob/master/trail_plots/The Hive.png"
"243","https://github.com/codeforanchorage/Open_Trails_Anchorage/blob/master/trail_plots/The Wall.png"
"244","https://github.com/codeforanchorage/Open_Trails_Anchorage/blob/master/trail_plots/Thunderbird Falls.png"
"245","https://github.com/codeforanchorage/Open_Trails_Anchorage/blob/master/trail_plots/Tiny Creek Trails.png"
"246","https://github.com/codeforanchorage/Open_Trails_Anchorage/blob/master/trail_plots/Toilet Bowl.png"
"247","https://github.com/codeforanchorage/Open_Trails_Anchorage/blob/master/trail_plots/Tower Power.png"
"248","https://github.com/codeforanchorage/Open_Trails_Anchorage/blob/master/trail_plots/Track 7.png"
"249","https://github.com/codeforanchorage/Open_Trails_Anchorage/blob/master/trail_plots/Turnagain Arm.png"
"250","https://github.com/codeforanchorage/Open_Trails_Anchorage/blob/master/trail_plots/Turnagain Arm Interpretive.png"
"251","https://github.com/codeforanchorage/Open_Trails_Anchorage/blob/master/trail_plots/Twin Peaks.png"
"252","https://github.com/codeforanchorage/Open_Trails_Anchorage/blob/master/trail_plots/U-turn Cut Thru.png"
"253","https://github.com/codeforanchorage/Open_Trails_Anchorage/blob/master/trail_plots/UAA Ski.png"
"254","https://github.com/codeforanchorage/Open_Trails_Anchorage/blob/master/trail_plots/Unnnamed.png"
"255","https://github.com/codeforanchorage/Open_Trails_Anchorage/blob/master/trail_plots/Upper Huffman Access.png"
"256","https://github.com/codeforanchorage/Open_Trails_Anchorage/blob/master/trail_plots/Upper Huffman Entrance.png"
"257","https://github.com/codeforanchorage/Open_Trails_Anchorage/blob/master/trail_plots/Upper Moen.png"
"258","https://github.com/codeforanchorage/Open_Trails_Anchorage/blob/master/trail_plots/View Rock Trail.png"
"259","https://github.com/codeforanchorage/Open_Trails_Anchorage/blob/master/trail_plots/Viewpoint Trail.png"
"260","https://github.com/codeforanchorage/Open_Trails_Anchorage/blob/master/trail_plots/Virgin Creek Trail System.png"
"261","https://github.com/codeforanchorage/Open_Trails_Anchorage/blob/master/trail_plots/Wagon Trail.png"
"262","https://github.com/codeforanchorage/Open_Trails_Anchorage/blob/master/trail_plots/White Spruce.png"
"263","https://github.com/codeforanchorage/Open_Trails_Anchorage/blob/master/trail_plots/Williwaw Lakes.png"
"264","https://github.com/codeforanchorage/Open_Trails_Anchorage/blob/master/trail_plots/Winner Creek Trail.png"
"265","https://github.com/codeforanchorage/Open_Trails_Anchorage/blob/master/trail_plots/Wolverine Bowl.png"
"266","https://github.com/codeforanchorage/Open_Trails_Anchorage/blob/master/trail_plots/Wolverine Bowl Loop.png"
"267","https://github.com/codeforanchorage/Open_Trails_Anchorage/blob/master/trail_plots/Wolverine Peak.png"
"268","https://github.com/codeforanchorage/Open_Trails_Anchorage/blob/master/trail_plots/Woodway Loop Trail.png"
"269","https://github.com/codeforanchorage/Open_Trails_Anchorage/blob/master/trail_plots/X Hmstd Rd.png"
"270","https://github.com/codeforanchorage/Open_Trails_Anchorage/blob/master/trail_plots/Yellow Jacket.png"
